Player,POS,GP,Total EPA,EPA per Game,EPA per Play ( all plays contributed ),EPA per Play ( all offense ),Total Passing EPA,EPA per Completion,EPA per Attempt,Rushing EPA,EPA per Carry,Receiving EPA,EPA per Reception,EPA per Target
Josh Allen,QB,19,178.62,9.4010,0.2293,0.1141,105.4698,0.2441,0.1628,73.15,0.5584,0.00,0.0000,0.0000
Brock Purdy,QB,18,169.33,9.4071,0.3002,0.1155,155.7787,0.4438,0.3031,13.55,0.2710,0.00,0.0000,0.0000
Dak Prescott,QB,18,114.71,6.3728,0.1613,0.0751,97.8646,0.2170,0.1506,16.85,0.2762,0.00,0.0000,0.0000
Jordan Love,QB,19,107.85,5.6765,0.1563,0.0720,118.6686,0.2901,0.1872,-10.81,-0.1931,0.00,0.0000,0.0000
Patrick Mahomes,QB,19,101.10,5.3210,0.1281,0.0630,81.3817,0.1728,0.1163,19.72,0.2215,0.00,0.0000,0.0000
CeeDee Lamb,WR,18,98.75,5.4858,0.4636,0.0646,0.0000,0.0000,0.0000,7.75,0.5165,91.00,0.6319,0.4596
Jared Goff,QB,20,94.00,4.6998,0.1242,0.0562,117.9607,0.2437,0.1647,-23.97,-0.5845,0.00,0.0000,0.0000
Tyreek Hill,WR,17,91.25,5.3676,0.4932,0.0640,0.0000,0.0000,0.0000,-1.20,-0.1995,92.45,0.7455,0.5165
Amon-Ra St. Brown,WR,19,87.45,4.6026,0.4308,0.0523,-1.9746,0.0000,0.0000,0.40,0.0807,89.02,0.6314,0.4496
Brandon Aiyuk,WR,18,86.83,4.8238,0.7296,0.0592,0.0000,0.0000,0.0000,0.00,0.0000,86.83,1.0719,0.7296
Puka Nacua,WR,18,85.54,4.7525,0.4675,0.0580,0.0000,0.0000,0.0000,2.71,0.2083,82.84,0.7266,0.4873
C.J. Stroud,QB,17,83.32,4.9012,0.1396,0.0545,80.5580,0.2276,0.1457,3.50,0.0815,-0.74,-0.7420,-0.7420
Tua Tagovailoa,QB,18,82.62,4.5897,0.1297,0.0580,118.9186,0.2915,0.1985,-36.30,-0.9554,0.00,0.0000,0.0000
Nico Collins,WR,17,81.10,4.7708,0.6336,0.0530,0.0000,0.0000,0.0000,0.30,0.1477,80.81,0.8880,0.6413
Lamar Jackson,QB,18,80.86,4.4924,0.1182,0.0524,55.9688,0.1632,0.1085,23.62,0.1414,1.28,1.2756,1.2756
Matthew Stafford,QB,16,78.78,4.9240,0.1363,0.0534,75.2469,0.2144,0.1351,3.54,0.1684,0.00,0.0000,0.0000
Jalen Hurts,QB,18,78.72,4.3733,0.1077,0.0533,57.2750,0.1519,0.1000,21.44,0.1357,0.00,0.0000,0.0000
Travis Kelce,TE,18,74.27,4.1261,0.4985,0.0463,0.0000,0.0000,0.0000,0.49,0.4901,73.78,0.6360,0.4985
George Kittle,TE,18,67.56,3.7531,0.6689,0.0461,0.0000,0.0000,0.0000,0.61,0.6144,66.94,0.9428,0.6694
Keenan Allen,WR,13,65.98,5.0753,0.4284,0.0470,3.4642,3.4642,1.7321,0.16,0.0785,62.36,0.5774,0.4157
A.J. Brown,WR,17,64.54,3.7965,0.4085,0.0437,0.0000,0.0000,0.0000,0.00,0.0000,64.54,0.6089,0.4085
D.J. Moore,WR,17,63.68,3.7457,0.4548,0.0459,0.0000,0.0000,0.0000,-1.58,-0.3962,65.26,0.6798,0.4799
Mike Evans,WR,19,61.53,3.2386,0.3970,0.0406,0.0000,0.0000,0.0000,0.00,0.0000,61.53,0.6837,0.3970
Adam Thielen,WR,17,59.26,3.4862,0.4295,0.0419,0.0000,0.0000,0.0000,0.29,0.2863,58.98,0.5726,0.4305
Ja'Marr Chase,WR,16,57.73,3.6081,0.3874,0.0426,-2.0742,-2.0742,-2.0742,-2.66,-0.8872,62.47,0.6247,0.4308
Rashee Rice,WR,19,54.82,2.8852,0.4283,0.0342,0.0000,0.0000,0.0000,-2.16,-2.1649,56.98,0.5756,0.4487
Khalil Shakir,WR,18,54.62,3.0345,0.9417,0.0349,0.0000,0.0000,0.0000,0.66,0.6643,53.96,1.1012,0.9466
Deebo Samuel,WR,17,53.78,3.1633,0.3814,0.0367,-0.4813,0.0000,-0.4813,9.38,0.2345,44.88,0.6411,0.4488
Romeo Doubs,WR,19,50.30,2.6476,0.4658,0.0336,0.0000,0.0000,0.0000,0.00,0.0000,50.30,0.7291,0.4658
Amari Cooper,WR,16,49.88,3.1173,0.3750,0.0313,0.0000,0.0000,0.0000,0.00,0.0000,49.88,0.6563,0.3750
Sam LaPorta,TE,20,49.81,2.4907,0.3366,0.0298,0.0000,0.0000,0.0000,0.22,0.2152,49.60,0.4635,0.3374
Baker Mayfield,QB,19,49.40,2.6001,0.0697,0.0326,61.9869,0.1505,0.0964,-12.59,-0.1907,0.00,0.0000,0.0000
Chris Godwin,WR,19,49.02,2.5800,0.3312,0.0324,-0.6215,0.0000,-0.6215,3.07,0.7673,46.57,0.5118,0.3257
Jaylen Waddle,WR,15,45.68,3.0451,0.4042,0.0321,0.0000,0.0000,0.0000,0.22,0.0540,45.46,0.6143,0.4171
DK Metcalf,WR,16,42.33,2.6455,0.3557,0.0322,0.0000,0.0000,0.0000,0.00,0.0000,42.33,0.6413,0.3557
Jake Browning,QB,9,41.68,4.6313,0.1538,0.0308,34.1096,0.1995,0.1404,9.65,0.3573,-2.07,-2.0742,-2.0742
Stefon Diggs,WR,19,41.65,2.1919,0.2327,0.0266,0.0000,0.0000,0.0000,1.58,0.7901,40.07,0.3424,0.2264
Kirk Cousins,QB,8,41.12,5.1398,0.1265,0.0301,39.3025,0.1820,0.1264,1.82,0.1297,0.00,0.0000,0.0000
Justin Herbert,QB,13,40.46,3.1124,0.0795,0.0288,31.5585,0.1063,0.0692,7.09,0.1363,1.81,1.8141,1.8141
Jake Ferguson,TE,18,40.24,2.2354,0.3530,0.0263,0.0000,0.0000,0.0000,0.00,0.0000,40.24,0.4968,0.3530
Chris Olave,WR,16,39.54,2.4710,0.2865,0.0278,0.0000,0.0000,0.0000,0.00,0.0000,39.54,0.4544,0.2865
Justin Jefferson,WR,10,39.49,3.9485,0.3871,0.0289,-0.4189,0.0000,-0.4189,-1.93,-1.9344,41.84,0.6153,0.4184
DeVonta Smith,WR,17,38.92,2.2896,0.3139,0.0263,0.0000,0.0000,0.0000,0.00,0.0000,38.92,0.4373,0.3139
Jayden Reed,WR,18,38.64,2.1465,0.3419,0.0258,0.0000,0.0000,0.0000,6.34,0.5283,32.30,0.4749,0.3198
Tyler Lockett,WR,17,38.03,2.2369,0.3117,0.0289,0.0000,0.0000,0.0000,0.00,0.0000,38.03,0.4814,0.3117
Brandin Cooks,WR,17,33.11,1.9476,0.3485,0.0217,0.0000,0.0000,0.0000,1.90,0.3164,31.21,0.5202,0.3507
Kalif Raymond,WR,17,33.11,1.9474,0.6491,0.0198,0.0000,0.0000,0.0000,3.32,0.4738,29.79,0.8511,0.6770
Cole Kmet,TE,15,32.70,2.1800,0.3516,0.0236,0.0000,0.0000,0.0000,0.63,0.2099,32.07,0.4393,0.3563
Dontayvion Wicks,WR,17,32.59,1.9168,0.5092,0.0218,0.8287,0.8287,0.8287,-0.42,-0.4244,32.18,0.7849,0.5191
T.J. Hockenson,TE,15,32.58,2.1718,0.2565,0.0238,0.0000,0.0000,0.0000,0.00,0.0000,32.58,0.3429,0.2565
Zay Flowers,WR,18,32.12,1.7843,0.2452,0.0208,0.0000,0.0000,0.0000,3.36,0.3357,28.76,0.3344,0.2377
Mark Andrews,TE,11,32.05,2.9137,0.5008,0.0208,0.0000,0.0000,0.0000,-1.57,-1.5737,33.62,0.7154,0.5337
Isaiah Likely,TE,15,31.59,2.1061,0.6868,0.0205,0.0000,0.0000,0.0000,0.00,0.0000,31.59,0.9292,0.6868
Devon Achane,RB,12,30.29,2.5242,0.1993,0.0213,-1.4337,0.0000,0.0000,31.15,0.2858,0.58,0.0192,0.0134
Dalton Schultz,TE,17,29.98,1.7638,0.3091,0.0196,0.0000,0.0000,0.0000,0.00,0.0000,29.98,0.4613,0.3091
Calvin Ridley,WR,17,29.75,1.7497,0.2051,0.0209,0.0000,0.0000,0.0000,-3.25,-0.3607,32.99,0.4341,0.2426
Tee Higgins,WR,12,29.27,2.4389,0.3851,0.0216,0.0000,0.0000,0.0000,0.00,0.0000,29.27,0.6968,0.3851
Tank Dell,WR,10,29.26,2.9262,0.3403,0.0191,-0.7774,0.0000,0.0000,-0.25,-0.0224,30.29,0.6444,0.4038
Jameson Williams,WR,15,28.65,1.9097,0.5208,0.0171,0.0000,0.0000,0.0000,6.59,1.6477,22.05,0.7352,0.4324
Darius Slayton,WR,17,28.56,1.6800,0.3615,0.0209,0.0000,0.0000,0.0000,0.00,0.0000,28.56,0.5712,0.3615
Josh Downs,WR,17,28.06,1.6506,0.2863,0.0197,0.0000,0.0000,0.0000,0.00,0.0000,28.06,0.4127,0.2863
Michael Pittman,WR,16,26.58,1.6612,0.1704,0.0187,0.0000,0.0000,0.0000,0.00,0.0000,26.58,0.2438,0.1704
Jordan Addison,WR,17,25.90,1.5236,0.2376,0.0190,0.0000,0.0000,0.0000,-0.45,-0.4518,26.35,0.3765,0.2440
Wan'Dale Robinson,WR,15,25.49,1.6990,0.2929,0.0186,0.0000,0.0000,0.0000,4.87,0.5407,20.62,0.3437,0.2644
Diontae Johnson,WR,14,25.28,1.8058,0.2689,0.0181,0.0000,0.0000,0.0000,0.00,0.0000,25.28,0.4597,0.2689
George Pickens,WR,18,24.84,1.3799,0.2053,0.0178,0.0000,0.0000,0.0000,1.71,0.4277,23.13,0.3401,0.1977
Courtland Sutton,WR,16,23.89,1.4933,0.2655,0.0179,0.0000,0.0000,0.0000,0.00,0.0000,23.89,0.4050,0.2655
Odell Beckham,WR,16,23.71,1.4821,0.3340,0.0154,0.0000,0.0000,0.0000,0.00,0.0000,23.71,0.6081,0.3340
Brevin Jordan,TE,11,22.88,2.0799,0.9947,0.0150,0.0000,0.0000,0.0000,0.00,0.0000,22.88,1.2710,0.9947
Jakobi Meyers,WR,16,22.12,1.3824,0.1957,0.0171,0.9287,0.4643,0.3096,2.67,0.6664,18.52,0.2609,0.1748
Christian Kirk,WR,12,22.05,1.8379,0.2506,0.0155,-1.6030,-1.6030,-0.8015,-0.65,-0.6451,24.30,0.4264,0.2859
Demarcus Robinson,WR,9,21.58,2.3977,0.4691,0.0146,0.0000,0.0000,0.0000,1.35,1.3458,20.23,0.6977,0.4496
Christian McCaffrey,RB,18,21.56,1.1975,0.0527,0.0147,0.0000,0.0000,0.0000,18.44,0.0597,3.12,0.0400,0.0312
Gabe Davis,WR,16,21.35,1.3344,0.2604,0.0136,0.0000,0.0000,0.0000,-0.89,-0.8919,22.24,0.4943,0.2746
Geno Smith,QB,15,20.56,1.3710,0.0383,0.0156,27.3573,0.0847,0.0548,-5.41,-0.1461,-1.39,-1.3874,-1.3874
Chris Moore,WR,15,20.53,1.3688,0.5549,0.0155,0.0000,0.0000,0.0000,1.98,0.9899,18.55,0.8433,0.5301
Brandon Johnson,WR,10,20.21,2.0212,0.6737,0.0151,0.0000,0.0000,0.0000,0.00,0.0000,20.21,1.0638,0.6737
Nick Westbrook-Ikhine,WR,13,20.07,1.5440,0.4460,0.0151,0.0000,0.0000,0.0000,0.00,0.0000,20.07,0.7169,0.4460
DeAndre Hopkins,WR,17,19.98,1.1751,0.1427,0.0151,-0.3894,0.0000,-0.3894,0.21,0.1039,20.16,0.2688,0.1471
Aaron Jones,RB,13,19.68,1.5135,0.0852,0.0131,0.0000,0.0000,0.0000,14.01,0.0774,5.66,0.1665,0.1132
Trenton Irwin,WR,10,19.61,1.9611,0.6128,0.0145,0.0000,0.0000,0.0000,0.00,0.0000,19.61,0.7844,0.6128
Durham Smythe,TE,14,19.57,1.3979,0.4164,0.0137,0.0000,0.0000,0.0000,0.00,0.0000,19.57,0.5150,0.4164
Noah Brown,WR,11,19.37,1.7611,0.3399,0.0127,0.0000,0.0000,0.0000,-1.08,-1.0775,20.45,0.6197,0.3652
Luke Musgrave,TE,13,19.34,1.4877,0.3649,0.0129,0.0000,0.0000,0.0000,0.00,0.0000,19.34,0.4835,0.3649
Kavontae Turpin,WR,12,19.21,1.6012,0.6625,0.0126,0.0000,0.0000,0.0000,7.24,0.6582,11.97,0.9978,0.6652
Taysom Hill,QB,16,19.16,1.1978,0.1452,0.0135,1.3962,0.2327,0.1269,8.34,0.1030,9.43,0.2857,0.2357
A.T. Perry,WR,8,18.88,2.3594,1.0486,0.0133,0.0000,0.0000,0.0000,0.00,0.0000,18.88,1.5730,1.0486
Donald Parham,TE,13,18.84,1.4494,0.4596,0.0134,0.0000,0.0000,0.0000,0.00,0.0000,18.84,0.6978,0.4596
Hunter Henry,TE,13,18.79,1.4457,0.3081,0.0143,0.0000,0.0000,0.0000,0.00,0.0000,18.79,0.4475,0.3081
Keaton Mitchell,RB,7,18.79,2.6838,0.3239,0.0122,0.0000,0.0000,0.0000,16.08,0.3422,2.70,0.3005,0.2459
Nelson Agholor,WR,18,18.64,1.0357,0.3585,0.0121,0.0000,0.0000,0.0000,0.00,0.0000,18.64,0.4906,0.3585
Josh Reynolds,WR,19,18.64,0.9811,0.2390,0.0111,0.0000,0.0000,0.0000,0.00,0.0000,18.64,0.3884,0.2390
Jacoby Brissett,QB,2,18.21,9.1069,0.7005,0.0132,16.9699,0.9428,0.7378,1.24,0.4146,0.00,0.0000,0.0000
Dalton Kincaid,TE,18,18.13,1.0072,0.1777,0.0116,0.0000,0.0000,0.0000,0.00,0.0000,18.13,0.2238,0.1777
Alec Pierce,WR,17,17.79,1.0467,0.2737,0.0125,0.0000,0.0000,0.0000,0.00,0.0000,17.79,0.5560,0.2737
Tyler Higbee,TE,16,17.77,1.1104,0.2502,0.0120,0.0000,0.0000,0.0000,0.00,0.0000,17.77,0.3780,0.2502
Jerry Jeudy,WR,16,17.74,1.1090,0.2039,0.0133,0.0000,0.0000,0.0000,0.00,0.0000,17.74,0.3286,0.2039
Michael Wilson,WR,13,17.63,1.3563,0.3040,0.0127,0.0000,0.0000,0.0000,0.00,0.0000,17.63,0.4640,0.3040
Michael Mayer,TE,12,17.02,1.4185,0.4255,0.0132,0.0000,0.0000,0.0000,0.00,0.0000,17.02,0.6304,0.4255
Raheem Mostert,RB,16,16.31,1.0197,0.0650,0.0114,0.0000,0.0000,0.0000,20.09,0.0926,-3.78,-0.1452,-0.1110
Cade Otton,TE,18,15.76,0.8758,0.1833,0.0104,0.0000,0.0000,0.0000,0.00,0.0000,15.76,0.2627,0.1833
James Conner,RB,13,15.25,1.1730,0.0633,0.0110,0.0000,0.0000,0.0000,11.75,0.0565,3.50,0.1297,0.1061
Tucker Kraft,TE,12,14.81,1.2344,0.3023,0.0099,0.0000,0.0000,0.0000,0.00,0.0000,14.81,0.4115,0.3023
D.J. Chark,WR,14,14.39,1.0276,0.2180,0.0102,0.0000,0.0000,0.0000,0.00,0.0000,14.39,0.4110,0.2180
Kyle Pitts,TE,17,14.37,0.8455,0.1579,0.0103,0.0000,0.0000,0.0000,-1.61,-1.6140,15.99,0.3016,0.1776
Lil'Jordan Humphrey,WR,11,14.06,1.2780,0.7399,0.0105,0.0000,0.0000,0.0000,0.00,0.0000,14.06,1.0814,0.7399
Davante Adams,WR,17,13.97,0.8218,0.0798,0.0108,0.0000,0.0000,0.0000,0.00,0.0000,13.97,0.1356,0.0798
Kylen Granson,TE,15,13.83,0.9218,0.2711,0.0097,0.0000,0.0000,0.0000,2.86,2.8559,10.97,0.3657,0.2194
Darren Waller,TE,12,13.53,1.1271,0.1828,0.0099,0.0000,0.0000,0.0000,0.00,0.0000,13.53,0.2601,0.1828
Tutu Atwell,WR,15,13.23,0.8823,0.1813,0.0090,0.0000,0.0000,0.0000,2.06,0.4126,11.17,0.2793,0.1643
Dallas Goedert,TE,15,12.78,0.8522,0.1420,0.0086,0.0000,0.0000,0.0000,-0.51,-0.5145,13.30,0.2111,0.1494
Davis Allen,TE,5,12.75,2.5502,0.9809,0.0086,0.0000,0.0000,0.0000,0.00,0.0000,12.75,1.0626,0.9809
Bo Melton,WR,6,12.27,2.0445,0.4089,0.0082,0.0000,0.0000,0.0000,1.45,0.4848,10.81,0.6007,0.4005
David Bell,WR,10,12.18,1.2182,0.3930,0.0077,0.0000,0.0000,0.0000,0.00,0.0000,12.18,0.5537,0.3930
Drake London,WR,16,12.18,0.7610,0.1097,0.0087,1.8107,1.8107,1.8107,0.00,0.0000,10.37,0.1502,0.0942
Evan Engram,TE,17,12.16,0.7151,0.0850,0.0085,0.0000,0.0000,0.0000,0.00,0.0000,12.16,0.1066,0.0850
Noah Fant,TE,14,11.97,0.8547,0.2783,0.0091,0.0000,0.0000,0.0000,0.00,0.0000,11.97,0.3739,0.2783
Tanner Hudson,TE,12,11.52,0.9596,0.2303,0.0085,-2.2644,0.0000,0.0000,0.00,0.0000,13.78,0.3533,0.2756
Jaxon Smith-Njigba,WR,17,11.51,0.6769,0.1237,0.0088,0.0000,0.0000,0.0000,0.00,0.0000,11.51,0.1826,0.1237
Austin Hooper,TE,16,11.39,0.7119,0.3674,0.0088,0.0000,0.0000,0.0000,0.00,0.0000,11.39,0.4556,0.3674
Jauan Jennings,WR,14,11.36,0.8113,0.2704,0.0077,0.0000,0.0000,0.0000,-1.12,-1.1220,12.48,0.4992,0.3044
Josh Palmer,WR,10,11.27,1.1271,0.1818,0.0080,0.0000,0.0000,0.0000,0.21,0.2051,11.07,0.2912,0.1814
Will Mallory,TE,11,11.11,1.0099,0.4273,0.0078,0.0000,0.0000,0.0000,0.00,0.0000,11.11,0.6172,0.4273
Mike Williams,WR,3,11.09,3.6973,0.4108,0.0079,0.0000,0.0000,0.0000,-0.27,-0.2750,11.37,0.5983,0.4372
Pat Freiermuth,TE,12,11.01,0.9176,0.2002,0.0079,0.0000,0.0000,0.0000,0.00,0.0000,11.01,0.2976,0.2002
Olamide Zaccheaus,WR,12,10.98,0.9151,0.5229,0.0074,0.0000,0.0000,0.0000,0.00,0.0000,10.98,0.9983,0.5229
Michael Thomas,WR,10,10.97,1.0968,0.1714,0.0077,0.0000,0.0000,0.0000,0.00,0.0000,10.97,0.2812,0.1714
Trey McBride,TE,17,10.85,0.6382,0.1023,0.0078,0.0000,0.0000,0.0000,0.00,0.0000,10.85,0.1339,0.1023
Nick Mullens,QB,5,10.71,2.1410,0.0678,0.0078,10.9947,0.1099,0.0743,-0.29,-0.0290,0.00,0.0000,0.0000
Mason Rudolph,QB,5,10.53,2.1055,0.0842,0.0075,15.2275,0.1978,0.1348,-4.70,-0.3917,0.00,0.0000,0.0000
Braxton Berrios,WR,14,10.47,0.7480,0.2992,0.0073,0.0000,0.0000,0.0000,0.68,0.6800,9.79,0.3627,0.2880
James Cook,RB,19,10.08,0.5307,0.0300,0.0064,0.0000,0.0000,0.0000,-4.34,-0.0159,14.43,0.2775,0.2290
Elijah Higgins,TE,9,10.03,1.1147,0.5280,0.0072,0.0000,0.0000,0.0000,0.00,0.0000,10.03,0.7166,0.5280
Jaleel McLaughlin,RB,17,9.93,0.5840,0.0886,0.0074,0.0000,0.0000,0.0000,7.57,0.0997,2.35,0.0759,0.0654
Michael Gallup,WR,17,9.86,0.5800,0.1565,0.0065,0.0000,0.0000,0.0000,0.00,0.0000,9.86,0.2465,0.1565
David Moore,WR,8,9.79,1.2237,0.8899,0.0065,0.0000,0.0000,0.0000,0.00,0.0000,9.79,1.2237,0.8899
Rashid Shaheed,WR,15,9.67,0.6444,0.1179,0.0068,0.0000,0.0000,0.0000,-1.17,-0.1672,10.84,0.2356,0.1445
Andrew Ogletree,TE,10,9.28,0.9284,0.4421,0.0065,0.0000,0.0000,0.0000,0.00,0.0000,9.28,1.0316,0.4421
Curtis Samuel,WR,16,9.25,0.5780,0.0944,0.0067,0.0000,0.0000,0.0000,3.79,0.5416,5.46,0.0880,0.0600
Carson Wentz,QB,1,9.17,9.1661,0.2236,0.0062,7.9693,0.4688,0.3321,1.20,0.0704,0.00,0.0000,0.0000
Trevor Lawrence,QB,16,8.92,0.5576,0.0141,0.0063,7.9358,0.0214,0.0141,0.99,0.0141,0.00,0.0000,0.0000
Mack Hollins,WR,9,8.72,0.9684,0.2905,0.0062,0.0000,0.0000,0.0000,0.00,0.0000,8.72,0.4842,0.2905
Foster Moreau,TE,11,8.46,0.7690,0.3384,0.0059,0.0000,0.0000,0.0000,0.00,0.0000,8.46,0.4028,0.3384
Cooper Kupp,WR,13,8.43,0.6485,0.0803,0.0057,0.0000,0.0000,0.0000,-0.97,-0.9677,9.40,0.1469,0.0904
Scott Miller,WR,9,8.31,0.9237,0.5196,0.0060,0.0000,0.0000,0.0000,0.00,0.0000,8.31,0.7558,0.5196
Jimmy Graham,TE,5,8.18,1.6353,1.1681,0.0057,0.0000,0.0000,0.0000,0.00,0.0000,8.18,1.3628,1.1681
Daniel Bellinger,TE,13,8.15,0.6268,0.2910,0.0060,0.0000,0.0000,0.0000,0.00,0.0000,8.15,0.3260,0.2910
Will Dissly,TE,12,8.08,0.6731,0.3672,0.0061,0.0000,0.0000,0.0000,0.00,0.0000,8.08,0.4752,0.3672
Jerick McKinnon,RB,12,8.07,0.6721,0.1494,0.0050,1.0671,1.0671,1.0671,0.45,0.0212,6.55,0.2621,0.2048
Jake Bobo,WR,14,7.94,0.5670,0.3053,0.0060,0.0000,0.0000,0.0000,0.82,0.8247,7.11,0.3744,0.2845
MyCole Pruitt,TE,9,7.91,0.8784,0.6588,0.0057,0.0000,0.0000,0.0000,0.00,0.0000,7.91,0.8784,0.6588
Terry McLaurin,WR,17,7.80,0.4588,0.0591,0.0057,0.0000,0.0000,0.0000,0.00,0.0000,7.80,0.0987,0.0591
Marvin Mims,WR,15,7.70,0.5133,0.1833,0.0058,0.0000,0.0000,0.0000,-1.29,-0.1432,8.99,0.4086,0.2724
Charlie Kolar,TE,7,7.66,1.0939,0.7657,0.0050,0.0000,0.0000,0.0000,0.00,0.0000,7.66,0.9571,0.7657
Luke Farrell,TE,9,7.64,0.8494,0.5096,0.0054,0.0000,0.0000,0.0000,0.00,0.0000,7.64,0.5880,0.5096
Brock Wright,TE,9,7.52,0.8358,0.5015,0.0045,0.0000,0.0000,0.0000,0.00,0.0000,7.52,0.5373,0.5015
Gerald Everett,TE,15,7.52,0.5015,0.1030,0.0054,0.0000,0.0000,0.0000,-0.72,-0.2410,8.24,0.1617,0.1178
Chigoziem Okonkwo,TE,17,7.50,0.4413,0.0950,0.0057,0.0000,0.0000,0.0000,-0.03,-0.0158,7.53,0.1395,0.0978
Colby Parkinson,TE,14,7.39,0.5279,0.2174,0.0056,0.0000,0.0000,0.0000,0.00,0.0000,7.39,0.2956,0.2174
River Cracraft,WR,7,7.33,1.0473,0.4887,0.0051,0.0000,0.0000,0.0000,0.00,0.0000,7.33,0.6664,0.4887
Marquez Valdes-Scantling,WR,19,7.13,0.3751,0.1425,0.0044,0.0000,0.0000,0.0000,0.00,0.0000,7.13,0.2741,0.1425
Tre Tucker,WR,13,7.02,0.5403,0.1596,0.0054,0.0000,0.0000,0.0000,1.29,0.1294,5.73,0.3015,0.1685
Kyle Philips,WR,8,6.90,0.8626,0.3137,0.0052,0.0000,0.0000,0.0000,0.00,0.0000,6.90,0.4601,0.3137
K.J. Osborn,WR,15,6.86,0.4571,0.0914,0.0050,0.0000,0.0000,0.0000,0.00,0.0000,6.86,0.1428,0.0914
Dyami Brown,WR,13,6.79,0.5221,0.2715,0.0049,-0.2723,-0.2723,-0.2723,-0.95,-0.9456,8.01,0.6671,0.3481
Mo Alie-Cox,TE,13,6.74,0.5184,0.3063,0.0047,0.0000,0.0000,0.0000,0.00,0.0000,6.74,0.5184,0.3063
C.J. Beathard,QB,6,6.74,1.1230,0.1105,0.0047,5.1930,0.1298,0.0980,1.55,0.1931,0.00,0.0000,0.0000
Jonnu Smith,TE,15,6.70,0.4467,0.0931,0.0048,-0.9683,0.0000,-0.9683,-0.37,-0.3716,8.04,0.1608,0.1149
Quentin Johnston,WR,17,6.69,0.3936,0.0956,0.0048,0.0000,0.0000,0.0000,-0.93,-0.3113,7.62,0.2007,0.1138
Ronnie Bell,WR,8,6.62,0.8274,0.5091,0.0045,0.0000,0.0000,0.0000,0.00,0.0000,6.62,1.1031,0.5091
Geoff Swaim,TE,7,6.52,0.9311,0.5925,0.0047,0.0000,0.0000,0.0000,0.00,0.0000,6.52,0.6518,0.5925
Andrei Iosivas,WR,9,6.36,0.7068,0.2545,0.0047,0.0000,0.0000,0.0000,0.00,0.0000,6.36,0.4241,0.2545
Jordan Mason,RB,9,5.98,0.6648,0.1360,0.0041,0.0000,0.0000,0.0000,5.34,0.1334,0.65,0.2160,0.1620
Pharaoh Brown,TE,9,5.89,0.6539,0.3923,0.0045,0.0000,0.0000,0.0000,0.00,0.0000,5.89,0.4527,0.3923
Rashod Bateman,WR,17,5.87,0.3456,0.0932,0.0038,0.0000,0.0000,0.0000,2.49,2.4864,3.39,0.0941,0.0546
Ihmir Smith-Marsette,WR,7,5.75,0.8218,0.3196,0.0041,0.0000,0.0000,0.0000,4.30,0.5373,1.45,0.1818,0.1454
Deonte Harty,WR,14,5.68,0.4060,0.2105,0.0036,0.0000,0.0000,0.0000,-2.46,-0.6150,8.14,0.4791,0.3541
Alex Erickson,WR,8,5.57,0.6968,0.1922,0.0040,0.0000,0.0000,0.0000,0.00,0.0000,5.57,0.3484,0.1922
Russell Wilson,QB,15,5.32,0.3548,0.0101,0.0040,-13.8324,-0.0466,-0.0309,19.15,0.2394,0.00,0.0000,0.0000
Samaje Perine,RB,17,5.11,0.3004,0.0469,0.0038,0.0000,0.0000,0.0000,-7.49,-0.1414,12.60,0.2520,0.2250
Malik Heath,WR,12,5.10,0.4247,0.2124,0.0034,0.0000,0.0000,0.0000,0.00,0.0000,5.10,0.3398,0.2124
Jamison Crowder,WR,7,4.82,0.6885,0.2410,0.0035,0.0000,0.0000,0.0000,0.00,0.0000,4.82,0.3012,0.2410
Payne Durham,TE,7,4.77,0.6820,0.5968,0.0032,0.0000,0.0000,0.0000,0.00,0.0000,4.77,0.7957,0.5968
Joe Burrow,QB,10,4.73,0.4727,0.0119,0.0035,8.5267,0.0349,0.0234,-3.80,-0.1226,0.00,0.0000,0.0000
KhaDarel Hodge,WR,13,4.35,0.3345,0.1812,0.0031,0.0000,0.0000,0.0000,-0.63,-0.6305,4.98,0.3556,0.2165
Richie James,WR,10,4.34,0.4339,0.2552,0.0027,0.0000,0.0000,0.0000,0.00,0.0000,4.34,0.3945,0.2552
Jeremy Ruckert,TE,10,4.23,0.4229,0.1922,0.0030,0.0000,0.0000,0.0000,0.00,0.0000,4.23,0.2643,0.1922
Taylor Heinicke,QB,5,4.13,0.8260,0.0274,0.0030,-6.1703,-0.0834,-0.0454,10.30,0.6867,0.00,0.0000,0.0000
Kendre Miller,RB,7,4.06,0.5794,0.0780,0.0029,0.0000,0.0000,0.0000,-1.21,-0.0296,5.27,0.5268,0.4789
Justin Watson,WR,18,4.03,0.2241,0.0695,0.0025,0.0000,0.0000,0.0000,0.00,0.0000,4.03,0.1344,0.0695
David Montgomery,RB,17,4.02,0.2362,0.0139,0.0024,0.0000,0.0000,0.0000,9.53,0.0369,-5.51,-0.2506,-0.1778
Charlie Jones,WR,5,3.94,0.7878,0.3581,0.0029,0.0000,0.0000,0.0000,1.20,0.5990,2.74,0.3915,0.3045
Greg Dortch,WR,9,3.93,0.4366,0.0936,0.0028,0.0000,0.0000,0.0000,-0.07,-0.0695,4.00,0.1666,0.0975
Stone Smartt,TE,12,3.89,0.3238,0.1851,0.0028,0.0000,0.0000,0.0000,0.00,0.0000,3.89,0.3533,0.1851
Josh Whyle,TE,8,3.88,0.4853,0.2588,0.0029,0.0000,0.0000,0.0000,0.00,0.0000,3.88,0.4314,0.2588
Nick Chubb,RB,2,3.88,1.9400,0.1212,0.0024,0.0000,0.0000,0.0000,3.23,0.1154,0.65,0.1620,0.1620
Josh Oliver,TE,12,3.87,0.3225,0.1382,0.0028,0.0000,0.0000,0.0000,0.00,0.0000,3.87,0.1759,0.1382
Jalen Brooks,WR,3,3.82,1.2720,0.6360,0.0025,0.0000,0.0000,0.0000,0.00,0.0000,3.82,0.6360,0.6360
Julio Jones,WR,9,3.79,0.4214,0.1724,0.0026,0.0000,0.0000,0.0000,0.00,0.0000,3.79,0.2709,0.1724
Andy Dalton,QB,2,3.70,1.8482,0.0606,0.0026,2.3406,0.0688,0.0404,1.36,0.4519,0.00,0.0000,0.0000
Lawrence Cager,TE,3,3.48,1.1596,0.6958,0.0025,0.0000,0.0000,0.0000,0.00,0.0000,3.48,0.8697,0.6958
Ty Chandler,RB,13,3.46,0.2660,0.0272,0.0025,0.0000,0.0000,0.0000,-0.08,-0.0007,3.53,0.1682,0.1413
Jeffery Wilson,RB,10,3.43,0.3434,0.0572,0.0024,0.0000,0.0000,0.0000,0.11,0.0027,3.32,0.2214,0.1748
Hunter Luepke,RB,6,3.42,0.5698,0.3419,0.0022,0.0000,0.0000,0.0000,4.87,0.8111,-1.45,-0.4827,-0.3620
Latavius Murray,RB,17,3.36,0.1974,0.0314,0.0021,0.0000,0.0000,0.0000,-2.81,-0.0356,6.17,0.2804,0.2203
Anthony Richardson,QB,4,3.29,0.8227,0.0302,0.0023,3.5079,0.0702,0.0418,-0.22,-0.0087,0.00,0.0000,0.0000
Robert Tonyan,TE,11,3.22,0.2931,0.1897,0.0023,0.0000,0.0000,0.0000,0.00,0.0000,3.22,0.2931,0.1897
Xavier Gipson,WR,14,3.15,0.2250,0.0685,0.0023,0.0000,0.0000,0.0000,3.77,0.4711,-0.62,-0.0295,-0.0163
Brycen Hopkins,TE,4,3.10,0.7750,0.4429,0.0021,0.0000,0.0000,0.0000,0.00,0.0000,3.10,0.6200,0.4429
Damien Harris,RB,6,3.04,0.5063,0.1215,0.0019,0.0000,0.0000,0.0000,2.38,0.1034,0.66,0.3295,0.3295
Ray-Ray McCloud,WR,8,3.01,0.3760,0.1504,0.0021,0.0000,0.0000,0.0000,1.99,0.6637,1.02,0.0782,0.0598
Calvin Austin,WR,15,2.96,0.1973,0.0688,0.0021,0.0000,0.0000,0.0000,3.47,0.3158,-0.51,-0.0286,-0.0161
Johnny Mundt,TE,9,2.78,0.3089,0.1209,0.0020,0.0000,0.0000,0.0000,0.00,0.0000,2.78,0.1635,0.1209
Equanimeous St. Brown,WR,5,2.73,0.5467,0.4556,0.0020,0.0000,0.0000,0.0000,0.00,0.0000,2.73,0.5467,0.4556
Isaiah Hodgins,WR,14,2.44,0.1742,0.0739,0.0018,0.0000,0.0000,0.0000,0.00,0.0000,2.44,0.1161,0.0739
Robbie Chosen,WR,5,2.41,0.4810,0.4009,0.0017,0.0000,0.0000,0.0000,0.00,0.0000,2.41,0.6013,0.4009
Marcedes Lewis,TE,5,2.37,0.4748,0.4748,0.0017,0.0000,0.0000,0.0000,0.00,0.0000,2.37,0.5935,0.4748
Kevin Harris,RB,4,2.32,0.5801,0.1221,0.0018,0.0000,0.0000,0.0000,-2.68,-0.1673,5.00,1.6656,1.6656
Chris Conley,WR,2,2.31,1.1542,0.3298,0.0016,0.0000,0.0000,0.0000,0.00,0.0000,2.31,0.5771,0.3298
Cedrick Wilson,WR,12,2.26,0.1882,0.0502,0.0016,-1.3575,0.0000,0.0000,0.00,0.0000,3.62,0.1446,0.0804
Jalin Hyatt,WR,13,2.16,0.1660,0.0539,0.0016,0.0000,0.0000,0.0000,0.00,0.0000,2.16,0.0938,0.0539
DeVante Parker,WR,13,2.15,0.1653,0.0391,0.0016,0.0000,0.0000,0.0000,0.00,0.0000,2.15,0.0651,0.0391
Derrick Henry,RB,17,2.11,0.1238,0.0066,0.0016,4.4282,2.2141,1.4761,-5.42,-0.0194,3.10,0.1107,0.0861
Ty Johnson,RB,9,2.09,0.2326,0.0381,0.0013,0.0000,0.0000,0.0000,0.68,0.0152,1.41,0.1763,0.1410
Keith Kirkwood,WR,7,1.94,0.2767,0.2152,0.0014,0.0000,0.0000,0.0000,0.00,0.0000,1.94,0.3874,0.2152
Tommy Tremble,TE,13,1.90,0.1464,0.0595,0.0013,0.0000,0.0000,0.0000,0.00,0.0000,1.90,0.0828,0.0595
Tyler Conklin,TE,17,1.88,0.1109,0.0214,0.0014,0.0000,0.0000,0.0000,-3.55,-3.5537,5.44,0.0892,0.0625
Noah Gray,TE,19,1.87,0.0985,0.0367,0.0012,0.0000,0.0000,0.0000,-2.81,-2.8054,4.68,0.1376,0.0936
Ben Sims,TE,7,1.86,0.2663,0.2663,0.0012,0.0000,0.0000,0.0000,0.00,0.0000,1.86,0.3729,0.2663
Isaiah McKenzie,WR,9,1.73,0.1922,0.1017,0.0012,0.0000,0.0000,0.0000,-0.40,-0.1324,2.13,0.1933,0.1519
Lucas Krull,TE,7,1.71,0.2442,0.1221,0.0013,0.0000,0.0000,0.0000,0.00,0.0000,1.71,0.2137,0.1221
Alvin Kamara,RB,13,1.64,0.1263,0.0062,0.0012,0.0000,0.0000,0.0000,-0.36,-0.0020,2.01,0.0267,0.0233
Nate Adkins,TE,4,1.53,0.3825,0.3060,0.0011,0.0000,0.0000,0.0000,0.00,0.0000,1.53,0.3825,0.3060
Drew Sample,TE,14,1.46,0.1045,0.0542,0.0011,0.0000,0.0000,0.0000,0.00,0.0000,1.46,0.0665,0.0542
Marcus Mariota,QB,2,1.44,0.7187,0.0464,0.0010,-3.9137,-0.2609,-0.1702,5.35,0.6689,0.00,0.0000,0.0000
Craig Reynolds,RB,7,1.38,0.1969,0.0293,0.0008,0.0000,0.0000,0.0000,-1.62,-0.0386,3.00,0.5999,0.5999
DeAndre Carter,WR,8,1.33,0.1666,0.1333,0.0010,0.0000,0.0000,0.0000,4.00,1.3346,-2.67,-0.6676,-0.3815
Kyren Williams,RB,13,1.31,0.1006,0.0045,0.0009,0.0000,0.0000,0.0000,16.43,0.0682,-15.12,-0.4583,-0.3087
Tyler Boyd,WR,17,1.30,0.0767,0.0129,0.0010,-6.4984,0.0000,-6.4984,0.72,0.3595,7.08,0.1057,0.0723
Jarrett Stidham,QB,2,1.30,0.6519,0.0174,0.0010,6.1984,0.1550,0.0939,-4.89,-0.5438,0.00,0.0000,0.0000
Justyn Ross,WR,5,1.08,0.2160,0.0982,0.0007,0.0000,0.0000,0.0000,0.00,0.0000,1.08,0.1800,0.0982
Josiah Deguara,TE,4,1.04,0.2601,0.1301,0.0007,0.0000,0.0000,0.0000,0.00,0.0000,1.04,0.1301,0.1301
Byron Pringle,WR,12,1.00,0.0830,0.0453,0.0007,0.0000,0.0000,0.0000,0.00,0.0000,1.00,0.0711,0.0453
Britain Covey,WR,2,0.89,0.4428,0.1476,0.0006,0.0000,0.0000,0.0000,0.00,0.0000,0.89,0.2214,0.1476
Darnell Washington,TE,9,0.73,0.0814,0.0666,0.0005,0.0000,0.0000,0.0000,0.00,0.0000,0.73,0.1047,0.0666
Emanuel Wilson,RB,7,0.62,0.0881,0.0193,0.0004,0.0000,0.0000,0.0000,-1.82,-0.0700,2.44,0.4874,0.4061
Allen Lazard,WR,13,0.44,0.0340,0.0090,0.0003,0.0000,0.0000,0.0000,0.00,0.0000,0.44,0.0192,0.0090
Jamal Agnew,WR,8,0.41,0.0515,0.0165,0.0003,0.0000,0.0000,0.0000,-2.92,-0.7312,3.34,0.2383,0.1589
Hunter Renfrow,WR,13,0.23,0.0179,0.0063,0.0002,0.0000,0.0000,0.0000,0.00,0.0000,0.23,0.0093,0.0063
Mitchell Wilcox,TE,9,0.21,0.0233,0.0174,0.0002,0.0000,0.0000,0.0000,0.00,0.0000,0.21,0.0233,0.0174
Christian Watson,WR,11,0.17,0.0154,0.0028,0.0001,0.0000,0.0000,0.0000,-1.50,-0.3738,1.66,0.0555,0.0297
Boston Scott,RB,10,0.10,0.0097,0.0037,0.0001,0.0000,0.0000,0.0000,-2.90,-0.1448,2.99,0.7482,0.4988
Derius Davis,WR,14,-0.01,-0.0010,-0.0004,0.0000,0.0000,0.0000,0.0000,5.20,0.3712,-5.21,-0.3474,-0.3065
Robert Woods,WR,15,-0.06,-0.0037,-0.0007,0.0000,0.0000,0.0000,0.0000,0.18,0.1848,-0.24,-0.0057,-0.0030
Cole Turner,TE,7,-0.07,-0.0099,-0.0046,-0.0001,0.0000,0.0000,0.0000,0.00,0.0000,-0.07,-0.0063,-0.0046
Tim Jones,WR,9,-0.19,-0.0207,-0.0103,-0.0001,0.0000,0.0000,0.0000,0.00,0.0000,-0.19,-0.0169,-0.0103
Ben Skowronek,WR,10,-0.30,-0.0301,-0.0201,-0.0002,0.0000,0.0000,0.0000,-1.75,-0.8734,1.45,0.1606,0.1112
Tyler Huntley,QB,5,-0.47,-0.0943,-0.0091,-0.0003,4.5504,0.2167,0.1230,-5.02,-0.3348,0.00,0.0000,0.0000
Adam Trautman,TE,16,-0.53,-0.0332,-0.0152,-0.0004,0.0000,0.0000,0.0000,0.00,0.0000,-0.53,-0.0241,-0.0152
Brenton Strange,TE,5,-0.57,-0.1144,-0.0635,-0.0004,0.0000,0.0000,0.0000,0.00,0.0000,-0.57,-0.1144,-0.0635
Parker Washington,WR,6,-0.64,-0.1070,-0.0306,-0.0005,0.0000,0.0000,0.0000,0.00,0.0000,-0.64,-0.0401,-0.0306
Kene Nwangwu,RB,3,-0.82,-0.2747,-0.1648,-0.0006,0.0000,0.0000,0.0000,-0.82,-0.1648,0.00,0.0000,0.0000
Treylon Burks,WR,9,-0.91,-0.1011,-0.0260,-0.0007,0.0000,0.0000,0.0000,-0.57,-0.1138,-0.34,-0.0213,-0.0114
Leonard Fournette,RB,2,-1.03,-0.5154,-0.0859,-0.0007,0.0000,0.0000,0.0000,-1.03,-0.0859,0.00,0.0000,0.0000
Jordan Akins,TE,13,-1.03,-0.0794,-0.0449,-0.0006,0.0000,0.0000,0.0000,0.00,0.0000,-1.03,-0.0688,-0.0449
Jonathan Taylor,RB,10,-1.04,-0.1036,-0.0054,-0.0007,0.0000,0.0000,0.0000,-4.75,-0.0281,3.71,0.1954,0.1614
Brandon Powell,WR,13,-1.08,-0.0828,-0.0220,-0.0008,0.0000,0.0000,0.0000,-0.31,-0.0619,-0.77,-0.0264,-0.0174
Velus Jones,WR,10,-1.08,-0.1081,-0.0721,-0.0008,0.0000,0.0000,0.0000,0.44,0.0556,-1.53,-0.3815,-0.2180
J.K. Dobbins,RB,1,-1.24,-1.2445,-0.1131,-0.0008,0.0000,0.0000,0.0000,-1.66,-0.2080,0.42,0.2097,0.1398
Ko Kieft,TE,3,-1.39,-0.4620,-0.2772,-0.0009,0.0000,0.0000,0.0000,0.00,0.0000,-1.39,-1.3859,-0.2772
Rakim Jarrett,WR,6,-1.45,-0.2424,-0.1455,-0.0010,0.0000,0.0000,0.0000,-0.43,-0.4299,-1.02,-0.2562,-0.1139
Laviska Shenault,WR,8,-1.48,-0.1850,-0.0673,-0.0010,0.0000,0.0000,0.0000,0.01,0.0011,-1.49,-0.1494,-0.1494
Davis Mills,QB,6,-1.50,-0.2507,-0.0334,-0.0010,-2.3257,-0.1224,-0.0581,0.82,0.1643,0.00,0.0000,0.0000
Drew Lock,QB,4,-1.58,-0.3954,-0.0195,-0.0012,-1.2629,-0.0263,-0.0166,-0.32,-0.0638,0.00,0.0000,0.0000
Stephen Sullivan,TE,10,-1.62,-0.1623,-0.0676,-0.0011,0.0000,0.0000,0.0000,0.00,0.0000,-1.62,-0.1353,-0.0676
Jalen Nailor,WR,2,-1.64,-0.8190,-0.2730,-0.0012,0.0000,0.0000,0.0000,0.00,0.0000,-1.64,-0.5460,-0.2730
Jalen Guyton,WR,7,-1.64,-0.2344,-0.0781,-0.0012,0.0000,0.0000,0.0000,0.00,0.0000,-1.64,-0.1641,-0.0781
Mike Gesicki,TE,15,-1.68,-0.1121,-0.0374,-0.0013,0.0000,0.0000,0.0000,0.00,0.0000,-1.68,-0.0580,-0.0374
Mike Boone,RB,7,-1.68,-0.2407,-0.1203,-0.0011,0.0000,0.0000,0.0000,-2.08,-0.4155,0.39,0.0562,0.0437
Peyton Hendershot,TE,7,-1.79,-0.2557,-0.2237,-0.0012,0.0000,0.0000,0.0000,-0.16,-0.1625,-1.63,-0.4068,-0.2325
Jalen Tolbert,WR,14,-1.83,-0.1305,-0.0481,-0.0012,0.0000,0.0000,0.0000,0.00,0.0000,-1.83,-0.0831,-0.0481
Gary Brightwell,RB,3,-1.84,-0.6125,-0.1148,-0.0013,0.0000,0.0000,0.0000,-4.00,-0.4450,2.17,0.4334,0.3096
Jack Stoll,TE,5,-1.86,-0.3727,-0.2329,-0.0013,0.0000,0.0000,0.0000,0.00,0.0000,-1.86,-0.3727,-0.2329
Erik Ezukanma,WR,2,-1.99,-0.9970,-0.3323,-0.0014,0.0000,0.0000,0.0000,-1.04,-0.2086,-0.95,0.0000,-0.9509
Trey Palmer,WR,19,-2.08,-0.1094,-0.0273,-0.0014,0.0000,0.0000,0.0000,1.74,0.4349,-3.82,-0.0909,-0.0530
Damien Williams,RB,3,-2.23,-0.7433,-0.1715,-0.0016,0.0000,0.0000,0.0000,-2.28,-0.2069,0.05,0.0228,0.0228
Chase Brown,RB,10,-2.31,-0.2309,-0.0391,-0.0017,0.0000,0.0000,0.0000,-8.98,-0.2041,6.67,0.4764,0.4447
La'Mical Perine,RB,2,-2.34,-1.1701,-0.0867,-0.0015,0.0000,0.0000,0.0000,-2.04,-0.0926,-0.30,-0.1008,-0.0605
Marquise Brown,WR,13,-2.57,-0.1978,-0.0250,-0.0019,0.0000,0.0000,0.0000,0.86,0.4307,-3.43,-0.0673,-0.0340
Rico Dowdle,RB,17,-2.60,-0.1531,-0.0224,-0.0017,0.0000,0.0000,0.0000,-8.63,-0.0948,6.02,0.3171,0.2410
D'Onta Foreman,RB,9,-2.61,-0.2896,-0.0209,-0.0019,0.0000,0.0000,0.0000,-3.95,-0.0362,1.34,0.1222,0.0840
Zay Jones,WR,9,-2.85,-0.3166,-0.0445,-0.0020,0.0000,0.0000,0.0000,0.00,0.0000,-2.85,-0.0838,-0.0445
Kayshon Boutte,WR,3,-2.85,-0.9509,-0.4075,-0.0022,0.0000,0.0000,0.0000,0.00,0.0000,-2.85,-1.4263,-0.4075
Lynn Bowden,WR,8,-2.86,-0.3574,-0.1362,-0.0020,0.0000,0.0000,0.0000,-0.68,-0.1358,-2.18,-0.1982,-0.1363
Keelan Doss,WR,2,-2.93,-1.4642,-0.2253,-0.0021,0.0000,0.0000,0.0000,0.00,0.0000,-2.93,-0.4881,-0.2253
Justice Hill,RB,18,-2.93,-0.1627,-0.0198,-0.0019,0.0000,0.0000,0.0000,-1.08,-0.0108,-1.85,-0.0545,-0.0386
Elijah Dotson,RB,1,-2.97,-2.9710,-0.4952,-0.0021,0.0000,0.0000,0.0000,-3.13,-0.7836,0.16,0.0817,0.0817
Gus Edwards,RB,19,-2.98,-0.1570,-0.0131,-0.0019,0.0000,0.0000,0.0000,-12.15,-0.0576,9.17,0.6548,0.5730
Israel Abanikanda,RB,6,-2.99,-0.4983,-0.0906,-0.0022,0.0000,0.0000,0.0000,-2.55,-0.1159,-0.44,-0.0628,-0.0399
Brian Robinson,RB,15,-3.11,-0.2071,-0.0141,-0.0023,0.0000,0.0000,0.0000,-23.36,-0.1312,20.25,0.5625,0.4710
D'Ernest Johnson,RB,15,-3.19,-0.2127,-0.0602,-0.0022,0.0000,0.0000,0.0000,-13.27,-0.3237,10.08,1.0080,0.8400
Trent Sherfield,WR,10,-3.24,-0.3238,-0.1295,-0.0021,0.0000,0.0000,0.0000,0.00,0.0000,-3.24,-0.2699,-0.1295
Austin Trammell,WR,2,-3.26,-1.6280,-0.4651,-0.0022,0.0000,0.0000,0.0000,0.00,0.0000,-3.26,-0.8140,-0.4651
Darrynton Evans,RB,6,-3.28,-0.5459,-0.0744,-0.0012,0.0000,0.0000,0.0000,1.71,0.0536,-4.99,-0.7127,-0.4158
Rondale Moore,WR,17,-3.31,-0.1947,-0.0368,-0.0024,0.0000,0.0000,0.0000,0.74,0.0264,-4.05,-0.1012,-0.0653
Chris Rodriguez,RB,8,-3.34,-0.4172,-0.0630,-0.0024,0.0000,0.0000,0.0000,-3.91,-0.0766,0.57,0.2852,0.2852
Tyrion Davis-Price,RB,1,-3.37,-3.3736,-0.5623,-0.0023,0.0000,0.0000,0.0000,-3.37,-0.5623,0.00,0.0000,0.0000
Samori Toure,WR,8,-3.39,-0.4233,-0.1882,-0.0023,0.0000,0.0000,0.0000,0.00,0.0000,-3.39,-0.4233,-0.1882
Trey Sermon,RB,8,-3.41,-0.4260,-0.0831,-0.0024,0.0000,0.0000,0.0000,-0.67,-0.0192,-2.74,-0.9120,-0.4560
Rashaad Penny,RB,3,-3.47,-1.1558,-0.2889,-0.0023,0.0000,0.0000,0.0000,-3.38,-0.3069,-0.09,-0.0916,-0.0916
C.J. Uzomah,TE,7,-3.52,-0.5023,-0.2930,-0.0025,0.0000,0.0000,0.0000,0.00,0.0000,-3.52,-0.4395,-0.2930
Derek Carr,QB,17,-3.53,-0.2079,-0.0061,-0.0025,16.2992,0.0435,0.0297,-19.83,-0.6198,0.00,0.0000,0.0000
John Metchie,WR,15,-3.57,-0.2380,-0.1020,-0.0023,0.0000,0.0000,0.0000,0.49,0.2471,-4.06,-0.2139,-0.1232
Julian Hill,TE,6,-3.61,-0.6018,-0.4012,-0.0025,0.0000,0.0000,0.0000,0.00,0.0000,-3.61,-0.6018,-0.4012
Gardner Minshew,QB,16,-3.78,-0.2363,-0.0072,-0.0027,-1.4526,-0.0048,-0.0030,-2.33,-0.0685,0.00,0.0000,0.0000
Donovan Peoples-Jones,WR,12,-3.78,-0.3153,-0.1513,-0.0012,0.0000,0.0000,0.0000,0.00,0.0000,-3.78,-0.2910,-0.1513
Tony Jones,RB,6,-3.83,-0.6390,-0.1065,-0.0014,0.0000,0.0000,0.0000,0.59,0.0227,-4.42,-0.6321,-0.4425
Tyjae Spears,RB,17,-3.84,-0.2259,-0.0226,-0.0029,0.0000,0.0000,0.0000,-2.31,-0.0231,-1.53,-0.0294,-0.0219
Quez Watkins,WR,6,-4.02,-0.6700,-0.1608,-0.0027,0.0000,0.0000,0.0000,0.00,0.0000,-4.02,-0.2233,-0.1608
Allen Robinson,WR,16,-4.03,-0.2522,-0.0776,-0.0029,0.0000,0.0000,0.0000,0.00,0.0000,-4.03,-0.1121,-0.0776
Harrison Bryant,TE,14,-4.08,-0.2916,-0.1317,-0.0026,0.0000,0.0000,0.0000,2.27,0.4537,-6.35,-0.3736,-0.2443
Christopher Brooks,RB,3,-4.21,-1.4029,-0.2215,-0.0030,0.0000,0.0000,0.0000,-4.21,-0.2215,0.00,0.0000,0.0000
Luke Schoonmaker,TE,12,-4.34,-0.3618,-0.2714,-0.0028,0.0000,0.0000,0.0000,0.00,0.0000,-4.34,-0.4825,-0.2714
Hayden Hurst,TE,9,-4.37,-0.4861,-0.1367,-0.0031,0.0000,0.0000,0.0000,0.00,0.0000,-4.37,-0.2430,-0.1367
Melvin Gordon,RB,4,-4.39,-1.0964,-0.1512,-0.0028,0.0000,0.0000,0.0000,-7.58,-0.2917,3.20,1.0662,1.0662
Jason Brownlee,WR,4,-4.48,-1.1195,-0.5597,-0.0032,0.0000,0.0000,0.0000,0.00,0.0000,-4.48,-0.8956,-0.5597
Ronnie Rivers,RB,8,-4.52,-0.5655,-0.1052,-0.0031,0.0000,0.0000,0.0000,-5.91,-0.1688,1.38,0.1728,0.1728
Devin Duvernay,WR,6,-4.63,-0.7718,-0.3562,-0.0030,0.0000,0.0000,0.0000,-0.70,-0.1762,-3.93,-0.9814,-0.4362
Deven Thompkins,WR,14,-4.66,-0.3330,-0.1295,-0.0031,0.0000,0.0000,0.0000,4.81,0.5341,-9.47,-0.5261,-0.3507
Marvin Jones,WR,4,-4.77,-1.1917,-0.4767,-0.0029,0.0000,0.0000,0.0000,0.00,0.0000,-4.77,-0.9534,-0.4767
AJ McCarron,QB,2,-4.83,-2.4148,-0.9659,-0.0036,-4.8295,-1.2074,-0.9659,0.00,0.0000,0.00,0.0000,0.0000
Kenyan Drake,RB,2,-4.85,-2.4259,-0.9704,-0.0016,0.0000,0.0000,0.0000,-0.93,-0.4629,-3.93,-1.9630,-1.3087
Demario Douglas,WR,14,-4.88,-0.3488,-0.0561,-0.0037,0.0000,0.0000,0.0000,0.90,0.1125,-5.78,-0.1180,-0.0732
Darnell Mooney,WR,14,-5.08,-0.3632,-0.0807,-0.0037,0.0000,0.0000,0.0000,-0.70,-0.3480,-4.39,-0.1416,-0.0719
Xavier Hutchinson,WR,13,-5.13,-0.3947,-0.1833,-0.0034,0.0000,0.0000,0.0000,2.83,0.5668,-7.97,-0.6638,-0.3463
Zach Evans,RB,4,-5.50,-1.3745,-0.6109,-0.0037,0.0000,0.0000,0.0000,-5.50,-0.6109,0.00,0.0000,0.0000
Tyrod Taylor,QB,10,-5.55,-0.5551,-0.0255,-0.0041,-3.8383,-0.0331,-0.0213,-1.71,-0.0451,0.00,0.0000,0.0000
Sean Tucker,RB,3,-5.64,-1.8788,-0.3315,-0.0037,0.0000,0.0000,0.0000,-5.48,-0.3656,-0.15,-0.0759,-0.0759
John Bates,TE,14,-5.66,-0.4040,-0.2020,-0.0041,0.0000,0.0000,0.0000,0.00,0.0000,-5.66,-0.2977,-0.2020
Connor Heyward,TE,12,-5.73,-0.4777,-0.1549,-0.0041,-0.2909,0.0000,-0.2909,-1.82,-1.8168,-3.62,-0.1510,-0.1036
Juwan Johnson,TE,13,-5.84,-0.4493,-0.0990,-0.0041,0.0000,0.0000,0.0000,0.00,0.0000,-5.84,-0.1579,-0.0990
Malik Willis,QB,2,-6.16,-3.0822,-0.6164,-0.0046,0.5879,0.1470,0.1176,-6.75,-1.3504,0.00,0.0000,0.0000
Logan Thomas,TE,16,-6.21,-0.3883,-0.0786,-0.0045,0.0000,0.0000,0.0000,0.42,0.4203,-6.63,-0.1206,-0.0850
Antonio Gibson,RB,16,-6.21,-0.3884,-0.0501,-0.0045,0.0000,0.0000,0.0000,-6.42,-0.0988,0.21,0.0043,0.0035
Raheem Blackshear,RB,8,-6.27,-0.7835,-0.2985,-0.0044,0.0000,0.0000,0.0000,-4.25,-0.3036,-2.02,-0.3363,-0.2883
Cam Akers,RB,7,-6.34,-0.9063,-0.0881,-0.0022,-1.5188,0.0000,0.0000,-6.19,-0.1032,1.36,0.1241,0.1137
D.J. Montgomery,WR,2,-6.87,-3.4363,-0.8591,-0.0048,0.0000,0.0000,0.0000,0.00,0.0000,-6.87,-2.2908,-0.8591
James Proche,WR,2,-7.25,-3.6274,-1.4510,-0.0046,0.0000,0.0000,0.0000,0.00,0.0000,-7.25,0.0000,-1.4510
Tyler Goodson,RB,6,-7.73,-1.2881,-0.3513,-0.0054,0.0000,0.0000,0.0000,-2.43,-0.1872,-5.30,-0.8826,-0.5884
Ian Thomas,TE,7,-7.79,-1.1122,-0.8650,-0.0055,0.0000,0.0000,0.0000,0.00,0.0000,-7.79,-1.5571,-0.8650
Royce Freeman,RB,9,-7.82,-0.8694,-0.0990,-0.0053,0.0000,0.0000,0.0000,-7.59,-0.0986,-0.24,-0.2356,-0.1178
Marquise Goodwin,WR,11,-7.90,-0.7184,-0.4390,-0.0050,0.0000,0.0000,0.0000,1.36,0.3394,-9.26,-2.3149,-0.6614
Terrace Marshall,WR,8,-7.96,-0.9956,-0.2414,-0.0056,0.0000,0.0000,0.0000,0.00,0.0000,-7.96,-0.4192,-0.2414
Sam Darnold,QB,10,-8.04,-0.8039,-0.1200,-0.0055,0.8387,0.0300,0.0182,-8.88,-0.4227,0.00,0.0000,0.0000
Kyle Allen,QB,6,-8.10,-1.3497,-0.6229,-0.0052,0.0000,0.0000,0.0000,-8.10,-0.6229,0.00,0.0000,0.0000
Chase Edmonds,RB,15,-8.15,-0.5435,-0.1007,-0.0054,0.0000,0.0000,0.0000,-10.61,-0.1768,2.45,0.1444,0.1169
DeeJay Dallas,RB,10,-8.23,-0.8229,-0.4331,-0.0063,-0.5179,0.0000,0.0000,-0.01,-0.0013,-7.70,-1.2829,-0.8553
Kendrick Bourne,WR,8,-8.26,-1.0331,-0.1476,-0.0063,0.0000,0.0000,0.0000,0.69,0.6893,-8.95,-0.2420,-0.1628
D'Andre Swift,RB,17,-8.39,-0.4938,-0.0287,-0.0057,0.0000,0.0000,0.0000,-0.12,-0.0005,-8.27,-0.1924,-0.1561
Ty Montgomery,WR,7,-8.59,-1.2271,-0.5726,-0.0065,0.0000,0.0000,0.0000,-0.41,-0.1356,-8.18,-1.6366,-0.6819
Skyy Moore,WR,13,-8.90,-0.6850,-0.2172,-0.0055,0.0000,0.0000,0.0000,1.11,0.3709,-10.02,-0.4770,-0.2636
David Njoku,TE,17,-8.92,-0.5246,-0.0666,-0.0056,0.0000,0.0000,0.0000,0.00,0.0000,-8.92,-0.1013,-0.0666
Dawson Knox,TE,12,-9.24,-0.7701,-0.2370,-0.0059,0.0000,0.0000,0.0000,0.00,0.0000,-9.24,-0.3850,-0.2370
Patrick Taylor,RB,11,-9.40,-0.8546,-0.1808,-0.0063,0.0000,0.0000,0.0000,-4.44,-0.1268,-4.96,-0.4513,-0.2920
Logan Woodside,QB,1,-9.42,-9.4178,-1.8836,-0.0068,-9.7209,-3.2403,-2.4302,0.30,0.3031,0.00,0.0000,0.0000
Trayveon Williams,RB,14,-9.58,-0.6843,-0.3991,-0.0071,0.0000,0.0000,0.0000,-2.04,-0.1362,-7.54,-1.0767,-0.8375
Kyler Murray,QB,8,-9.70,-1.2129,-0.0311,-0.0070,-17.7393,-0.1008,-0.0662,8.04,0.1826,0.00,0.0000,0.0000
Tyquan Thornton,WR,9,-10.10,-1.1224,-0.3885,-0.0077,0.0000,0.0000,0.0000,2.93,0.9758,-13.03,-1.0022,-0.5665
Tyler Scott,WR,13,-10.16,-0.7813,-0.2604,-0.0073,0.0000,0.0000,0.0000,0.20,0.0292,-10.36,-0.6095,-0.3238
Jalen Reagor,WR,9,-10.42,-1.1575,-0.4341,-0.0079,0.0000,0.0000,0.0000,1.26,1.2620,-11.68,-1.6685,-0.5078
Keaontay Ingram,RB,7,-10.57,-1.5106,-0.2711,-0.0076,0.0000,0.0000,0.0000,-11.03,-0.3153,0.46,0.1151,0.1151
Salvon Ahmed,RB,7,-10.63,-1.5186,-0.2362,-0.0075,0.0000,0.0000,0.0000,-0.15,-0.0069,-10.48,-0.6549,-0.4556
Jahmyr Gibbs,RB,18,-10.70,-0.5944,-0.0361,-0.0064,0.0000,0.0000,0.0000,-0.93,-0.0044,-9.77,-0.1550,-0.1149
Clyde Edwards-Helaire,RB,18,-10.85,-0.6029,-0.1024,-0.0068,0.0000,0.0000,0.0000,-14.38,-0.1798,3.53,0.1682,0.1359
JuJu Smith-Schuster,WR,11,-10.87,-0.9880,-0.2312,-0.0083,0.0000,0.0000,0.0000,0.00,0.0000,-10.87,-0.3748,-0.2312
Garrett Wilson,WR,17,-10.89,-0.6404,-0.0629,-0.0078,-0.3739,0.0000,-0.3739,0.36,0.0891,-10.87,-0.1144,-0.0647
Brian Hoyer,QB,2,-10.90,-5.4516,-0.2423,-0.0084,-9.4659,-0.4116,-0.2254,-1.44,-0.4791,0.00,0.0000,0.0000
Deuce Vaughn,RB,6,-11.09,-1.8491,-0.3698,-0.0073,0.0000,0.0000,0.0000,-12.07,-0.5248,0.98,0.1393,0.1393
Cooper Rush,QB,7,-11.11,-1.5867,-0.3085,-0.0073,-5.3010,-0.2945,-0.2209,-5.81,-0.4838,0.00,0.0000,0.0000
Ameer Abdullah,RB,16,-11.51,-0.7194,-0.2951,-0.0089,0.0000,0.0000,0.0000,2.50,0.1663,-14.01,-0.7371,-0.5836
Tyson Bagent,QB,5,-11.53,-2.3052,-0.0694,-0.0083,-22.1761,-0.2359,-0.1551,10.65,0.4630,0.00,0.0000,0.0000
Jeff Driskel,QB,1,-11.54,-11.5398,-0.3497,-0.0073,-11.6219,-0.8940,-0.4470,0.08,0.0117,0.00,0.0000,0.0000
Kenneth Gainwell,RB,17,-11.55,-0.6796,-0.0903,-0.0078,1.1421,1.1421,1.1421,-13.65,-0.1551,0.95,0.0298,0.0244
Sterling Shepard,WR,10,-11.72,-1.1725,-0.5098,-0.0086,0.0000,0.0000,0.0000,0.39,0.3945,-12.12,-1.2119,-0.5509
Eric Gray,RB,5,-11.75,-2.3503,-0.4896,-0.0086,0.0000,0.0000,0.0000,-8.24,-0.4849,-3.51,-0.5847,-0.5011
Elijah Moore,WR,17,-11.91,-0.7004,-0.1035,-0.0075,0.0000,0.0000,0.0000,-10.32,-1.1465,-1.59,-0.0260,-0.0150
Zack Moss,RB,14,-12.04,-0.8599,-0.0547,-0.0085,0.0000,0.0000,0.0000,-13.04,-0.0713,1.00,0.0372,0.0271
Kenneth Walker,RB,15,-12.26,-0.8174,-0.0479,-0.0093,0.0000,0.0000,0.0000,-15.30,-0.0698,3.03,0.1046,0.0820
Blake Bell,TE,6,-12.37,-2.0614,-1.3743,-0.0077,0.0000,0.0000,0.0000,0.00,0.0000,-12.37,-2.4737,-1.3743
Roschon Johnson,RB,15,-12.37,-0.8247,-0.1022,-0.0089,0.0000,0.0000,0.0000,-6.53,-0.0806,-5.84,-0.1718,-0.1461
Breece Hall,RB,17,-12.40,-0.7297,-0.0390,-0.0089,0.0000,0.0000,0.0000,-16.98,-0.0761,4.57,0.0602,0.0481
Chase Claypool,WR,7,-12.50,-1.7858,-0.5953,-0.0044,0.0000,0.0000,0.0000,0.00,0.0000,-12.50,-1.5626,-0.5953
Isiah Pacheco,RB,17,-12.56,-0.7386,-0.0389,-0.0078,0.0000,0.0000,0.0000,-14.40,-0.0537,1.85,0.0369,0.0336
Darrell Henderson,RB,4,-12.63,-3.1577,-0.2105,-0.0086,0.0000,0.0000,0.0000,-11.57,-0.2516,-1.06,-0.1057,-0.0755
Zach Charbonnet,RB,16,-12.74,-0.7963,-0.0861,-0.0097,0.0000,0.0000,0.0000,-7.70,-0.0713,-5.04,-0.1527,-0.1260
Isaiah Spiller,RB,9,-12.78,-1.4201,-0.2972,-0.0091,0.0000,0.0000,0.0000,-13.32,-0.3601,0.54,0.0904,0.0904
Michael Carter,RB,15,-12.83,-0.8553,-0.2103,-0.0046,0.0000,0.0000,0.0000,1.90,0.0634,-14.73,-0.6138,-0.4752
Justin Fields,QB,13,-12.95,-0.9964,-0.0262,-0.0093,-40.5291,-0.1785,-0.1095,27.58,0.2224,0.00,0.0000,0.0000
Dare Ogunbowale,RB,7,-12.96,-1.8517,-0.7201,-0.0085,0.0000,0.0000,0.0000,-3.33,-0.3332,-9.63,-3.2101,-1.2038
Deshaun Watson,QB,6,-13.37,-2.2276,-0.0678,-0.0084,-20.1526,-0.1919,-0.1179,6.79,0.2610,0.00,0.0000,0.0000
Cordarrelle Patterson,RB,12,-13.38,-1.1151,-0.2158,-0.0096,0.0000,0.0000,0.0000,-8.39,-0.1677,-5.00,-0.5551,-0.4163
Pierre Strong,RB,13,-13.70,-1.0539,-0.1930,-0.0086,0.0000,0.0000,0.0000,-11.33,-0.1799,-2.37,-0.4731,-0.2957
Kareem Hunt,RB,16,-13.93,-0.8709,-0.0820,-0.0088,0.0000,0.0000,0.0000,-6.72,-0.0470,-7.21,-0.3606,-0.2671
Irv Smith,TE,9,-14.04,-1.5599,-0.5399,-0.0104,0.0000,0.0000,0.0000,0.00,0.0000,-14.04,-0.7799,-0.5399
Jameis Winston,QB,6,-14.20,-2.3665,-0.2731,-0.0100,-9.9374,-0.3975,-0.2114,-4.26,-0.8523,0.00,0.0000,0.0000
Kadarius Toney,WR,13,-14.20,-1.0924,-0.2840,-0.0088,-0.5067,0.0000,-0.5067,-4.96,-0.4512,-8.73,-0.3234,-0.2298
Mecole Hardman,WR,9,-14.77,-1.6413,-0.4765,-0.0049,0.0000,0.0000,0.0000,-4.24,-1.4118,-10.54,-0.6198,-0.3763
Zach Ertz,TE,7,-14.79,-2.1123,-0.3439,-0.0107,0.0000,0.0000,0.0000,0.00,0.0000,-14.79,-0.5476,-0.3439
Joe Mixon,RB,17,-15.25,-0.8969,-0.0475,-0.0113,0.0000,0.0000,0.0000,-19.96,-0.0777,4.72,0.0907,0.0737
Jaren Hall,QB,3,-15.35,-5.1175,-0.5905,-0.0112,-13.3425,-1.0263,-0.6671,-2.01,-0.3350,0.00,0.0000,0.0000
Randall Cobb,WR,9,-15.44,-1.7154,-0.9081,-0.0111,0.0000,0.0000,0.0000,0.00,0.0000,-15.44,-3.0877,-0.9081
Ke'Shawn Vaughn,RB,5,-15.44,-3.0887,-0.5325,-0.0102,0.0000,0.0000,0.0000,-10.84,-0.4516,-4.60,-2.3024,-0.9209
A.J. Dillon,RB,15,-16.16,-1.0771,-0.0784,-0.0108,0.0000,0.0000,0.0000,-22.06,-0.1239,5.90,0.2684,0.2109
Zach Pascal,WR,9,-17.03,-1.8918,-1.1351,-0.0123,0.0000,0.0000,0.0000,0.00,0.0000,-17.03,-4.2564,-1.1351
Blaine Gabbert,QB,2,-17.39,-8.6955,-0.4141,-0.0108,-17.0163,-0.9453,-0.4862,-0.37,-0.0535,0.00,0.0000,0.0000
Jahan Dotson,WR,17,-17.41,-1.0242,-0.2098,-0.0127,0.0000,0.0000,0.0000,0.00,0.0000,-17.41,-0.3553,-0.2098
Jaylen Warren,RB,18,-17.48,-0.9711,-0.0750,-0.0125,0.0000,0.0000,0.0000,-5.74,-0.0366,-11.74,-0.1863,-0.1544
Aidan O'Connell,QB,11,-18.53,-1.6846,-0.0515,-0.0143,-14.1770,-0.0666,-0.0413,-4.35,-0.2561,0.00,0.0000,0.0000
Van Jefferson,WR,14,-18.61,-1.3293,-0.4229,-0.0065,0.0000,0.0000,0.0000,-0.23,-0.2320,-18.38,-0.9189,-0.4274
Brett Rypien,QB,2,-18.80,-9.3996,-0.4585,-0.0127,-20.0118,-1.1118,-0.5266,1.21,0.4042,0.00,0.0000,0.0000
Joe Flacco,QB,6,-19.02,-3.1699,-0.0726,-0.0120,-20.5558,-0.1309,-0.0822,1.54,0.1280,0.00,0.0000,0.0000
Mike White,QB,6,-19.33,-3.2210,-1.3804,-0.0136,-7.3749,-1.4750,-1.2292,-11.95,-1.4939,0.00,0.0000,0.0000
Tyler Allgeier,RB,17,-19.85,-1.1678,-0.0950,-0.0142,0.0000,0.0000,0.0000,-23.09,-0.1241,3.23,0.1797,0.1406
Deon Jackson,RB,2,-20.09,-10.0444,-1.0044,-0.0072,0.0000,0.0000,0.0000,-11.75,-0.8393,-8.34,-1.6677,-1.3898
Zamir White,RB,13,-20.15,-1.5503,-0.1638,-0.0156,0.0000,0.0000,0.0000,-20.42,-0.1963,0.26,0.0177,0.0139
Khalil Herbert,RB,12,-20.25,-1.6877,-0.1242,-0.0146,0.0000,0.0000,0.0000,-2.58,-0.0196,-17.67,-0.8835,-0.5700
Emari Demercado,RB,11,-20.86,-1.8967,-0.2371,-0.0151,0.0000,0.0000,0.0000,-5.88,-0.1013,-14.99,-0.7136,-0.4996
Rachaad White,RB,19,-22.05,-1.1604,-0.0585,-0.0146,0.0000,0.0000,0.0000,-48.45,-0.1620,26.40,0.3826,0.3384
Easton Stick,QB,5,-22.19,-4.4390,-0.1104,-0.0158,-29.4749,-0.2655,-0.1694,7.28,0.2696,0.00,0.0000,0.0000
Elijah Mitchell,RB,12,-22.38,-1.8652,-0.2573,-0.0153,0.0000,0.0000,0.0000,-14.31,-0.1812,-8.07,-1.3448,-1.0086
Mitchell Trubisky,QB,5,-22.67,-4.5336,-0.1843,-0.0162,-22.6546,-0.3381,-0.2117,-0.01,-0.0008,0.00,0.0000,0.0000
Jimmy Garoppolo,QB,7,-23.18,-3.3115,-0.1226,-0.0179,-20.1699,-0.1834,-0.1193,-3.01,-0.1505,0.00,0.0000,0.0000
Ryan Tannehill,QB,9,-23.32,-2.5915,-0.0940,-0.0176,-18.1405,-0.1217,-0.0789,-4.79,-0.2820,-0.39,0.0000,-0.3894
Matt Breida,RB,15,-23.81,-1.5876,-0.3133,-0.0174,0.0000,0.0000,0.0000,-14.13,-0.2569,-9.68,-0.5695,-0.4610
Parris Campbell,WR,8,-24.17,-3.0208,-0.8950,-0.0177,-1.5268,0.0000,0.0000,0.00,0.0000,-22.64,-1.1320,-0.8385
Case Keenum,QB,2,-24.18,-12.0921,-0.4397,-0.0158,-22.5645,-0.6637,-0.4257,-1.62,-0.8099,0.00,0.0000,0.0000
Jonathan Mingo,WR,15,-24.79,-1.6529,-0.2917,-0.0175,0.0000,0.0000,0.0000,0.00,0.0000,-24.79,-0.5766,-0.2917
Devin Singletary,RB,19,-24.98,-1.3147,-0.0873,-0.0163,1.8802,1.8802,1.8802,-24.11,-0.1013,-2.75,-0.0723,-0.0585
Cedric Tillman,WR,11,-25.86,-2.3510,-0.5747,-0.0163,0.0000,0.0000,0.0000,0.25,0.2470,-26.11,-1.2433,-0.5934
Will Levis,QB,9,-26.55,-2.9495,-0.0948,-0.0200,-17.1399,-0.1150,-0.0672,-9.41,-0.3762,0.00,0.0000,0.0000
Travis Etienne,RB,17,-26.62,-1.5658,-0.0783,-0.0187,0.0000,0.0000,0.0000,-36.95,-0.1384,10.33,0.1781,0.1415
Tank Bigsby,RB,13,-27.30,-2.0996,-0.5055,-0.0192,0.0000,0.0000,0.0000,-13.55,-0.2710,-13.75,-13.7454,-3.4363
Dalvin Cook,RB,15,-27.97,-1.8644,-0.2944,-0.0095,0.0000,0.0000,0.0000,-25.49,-0.3399,-2.48,-0.1651,-0.1238
Chuba Hubbard,RB,17,-28.15,-1.6560,-0.0998,-0.0199,0.0000,0.0000,0.0000,-17.05,-0.0716,-11.10,-0.2847,-0.2523
Joshua Kelley,RB,17,-28.74,-1.6907,-0.2415,-0.0205,0.0000,0.0000,0.0000,-23.28,-0.2176,-5.46,-0.6827,-0.4551
Tony Pollard,RB,18,-29.85,-1.6582,-0.0870,-0.0195,0.0000,0.0000,0.0000,-21.64,-0.0810,-8.21,-0.1324,-0.1080
Najee Harris,RB,18,-29.96,-1.6646,-0.0973,-0.0215,0.0000,0.0000,0.0000,-29.13,-0.1091,-0.83,-0.0268,-0.0203
Tim Boyle,QB,3,-30.74,-10.2453,-0.3795,-0.0222,-33.4411,-0.6967,-0.4343,2.71,0.6763,0.00,0.0000,0.0000
Clayton Tune,QB,6,-32.90,-5.4840,-1.1346,-0.0238,-32.5271,-2.7106,-1.5489,-0.38,-0.0471,0.00,0.0000,0.0000
Rhamondre Stevenson,RB,12,-33.27,-2.7724,-0.1607,-0.0253,0.0000,0.0000,0.0000,-15.02,-0.0963,-18.25,-0.4802,-0.3578
Dorian Thompson-Robinson,QB,7,-33.45,-4.7782,-0.2655,-0.0210,-34.0967,-0.5683,-0.3044,0.65,0.0464,0.00,0.0000,0.0000
Jamaal Williams,RB,13,-34.17,-2.6283,-0.2712,-0.0240,0.0000,0.0000,0.0000,-26.25,-0.2476,-7.92,-0.4399,-0.3960
Alexander Mattison,RB,16,-36.12,-2.2575,-0.1613,-0.0264,0.0000,0.0000,0.0000,-30.82,-0.1712,-5.30,-0.1765,-0.1204
Kenny Pickett,QB,12,-37.70,-3.1420,-0.1030,-0.0270,-32.3950,-0.1612,-0.1000,-5.31,-0.1264,0.00,0.0000,0.0000
Miles Sanders,RB,16,-38.38,-2.3989,-0.2258,-0.0272,0.0000,0.0000,0.0000,-28.19,-0.2185,-10.19,-0.3775,-0.2486
Ezekiel Elliott,RB,17,-39.00,-2.2943,-0.1566,-0.0297,0.0000,0.0000,0.0000,-29.18,-0.1586,-9.82,-0.1926,-0.1511
Javonte Williams,RB,16,-39.84,-2.4902,-0.1449,-0.0298,0.0000,0.0000,0.0000,-35.11,-0.1618,-4.74,-0.1008,-0.0817
Bijan Robinson,RB,17,-41.30,-2.4296,-0.1377,-0.0296,0.0000,0.0000,0.0000,-27.77,-0.1298,-13.53,-0.2333,-0.1573
P.J. Walker,QB,5,-42.30,-8.4605,-0.3411,-0.0266,-36.4974,-0.6759,-0.3288,-5.81,-0.4465,0.00,0.0000,0.0000
Josh Jacobs,RB,13,-42.71,-3.2856,-0.1488,-0.0331,-1.0764,0.0000,0.0000,-41.54,-0.1783,-0.09,-0.0026,-0.0018
Dameon Pierce,RB,14,-42.79,-3.0565,-0.2593,-0.0280,0.0000,0.0000,0.0000,-43.96,-0.2970,1.17,0.0896,0.0685
Jerome Ford,RB,18,-49.47,-2.7484,-0.1767,-0.0311,0.0000,0.0000,0.0000,-42.08,-0.1976,-7.39,-0.1540,-0.1103
Austin Ekeler,RB,14,-49.49,-3.5347,-0.1956,-0.0352,0.0000,0.0000,0.0000,-38.17,-0.2132,-11.32,-0.2219,-0.1529
Tommy DeVito,QB,9,-51.98,-5.7756,-0.2429,-0.0380,-49.5641,-0.4348,-0.2785,-2.42,-0.0671,0.00,0.0000,0.0000
Desmond Ridder,QB,15,-52.86,-3.5240,-0.1196,-0.0379,-36.4526,-0.1464,-0.0939,-14.88,-0.2808,-1.52,-1.5244,-1.5244
Daniel Jones,QB,6,-57.32,-9.5536,-0.2866,-0.0419,-63.2089,-0.5853,-0.3951,5.89,0.1472,0.00,0.0000,0.0000
Saquon Barkley,RB,14,-60.61,-4.3292,-0.1974,-0.0443,0.0000,0.0000,0.0000,-52.54,-0.2127,-8.07,-0.1969,-0.1345
Mac Jones,QB,11,-61.97,-5.6336,-0.1670,-0.0472,-57.3493,-0.2560,-0.1662,-4.62,-0.1777,0.00,0.0000,0.0000
Joshua Dobbs,QB,13,-64.98,-4.9988,-0.1315,-0.0236,-78.3392,-0.2990,-0.1879,13.36,0.1734,0.00,0.0000,0.0000
Trevor Siemian,QB,5,-65.09,-13.0182,-0.3969,-0.0469,-58.2436,-0.6773,-0.3807,-6.85,-0.6225,0.00,0.0000,0.0000
Bailey Zappe,QB,10,-71.03,-7.1032,-0.3102,-0.0541,-75.5741,-0.5951,-0.3565,4.54,0.2672,0.00,0.0000,0.0000
Sam Howell,QB,17,-87.37,-5.1395,-0.1322,-0.0635,-110.7356,-0.2854,-0.1809,23.64,0.4924,-0.27,-0.2723,-0.2723
Zach Wilson,QB,12,-116.81,-9.7342,-0.2891,-0.0842,-98.4454,-0.4455,-0.2675,-18.37,-0.5101,0.00,0.0000,0.0000
Bryce Young,QB,16,-141.68,-8.8553,-0.2503,-0.1003,-163.7947,-0.5200,-0.3108,22.11,0.5669,0.00,0.0000,0.0000
,,,,,,,,,,,,,,
,,,,,,,,,,,,,,
,,,,,,,,,,,,,,